trial_index,track_id,phoneme,phoneme_label,session_type,snr,onset_label,stimulus_file,clean_file,noise_file,sample_rate,duration_seconds,noise_start_index,noise_scale,clean_rms,mixed_rms
1,1A,z,z,white,10.0,07:00,/workspace/projects/psychopy_phoneme/stimuli/mixed/white/snr_10/trial-001__track-1A__phoneme-z__noise-white__snr-10.wav,/workspace/projects/psychopy_phoneme/stimuli/phonemes/z.wav,/workspace/projects/psychopy_phoneme/stimuli/noise/white.wav,44100,0.5306802721088435,15486112,0.3153801183893646,0.07999999896446343,0.08378770727746276
2,1A,i,i,white,10.0,15:00,/workspace/projects/psychopy_phoneme/stimuli/mixed/white/snr_10/trial-002__track-1A__phoneme-i__noise-white__snr-10.wav,/workspace/projects/psychopy_phoneme/stimuli/phonemes/i.wav,/workspace/projects/psychopy_phoneme/stimuli/noise/white.wav,44100,0.434421768707483,6516814,0.3160537338216555,0.08000000063302617,0.08402441386793608
3,1A,θ,theta,white,10.0,20:00,/workspace/projects/psychopy_phoneme/stimuli/mixed/white/snr_10/trial-003__track-1A__phoneme-theta__noise-white__snr-10.wav,/workspace/projects/psychopy_phoneme/stimuli/phonemes/theta.wav,/workspace/projects/psychopy_phoneme/stimuli/noise/white.wav,44100,0.5073469387755102,7430476,0.31605490699684885,0.08000000049129408,0.0839888688972294
4,1A,u,u,white,10.0,27:00,/workspace/projects/psychopy_phoneme/stimuli/mixed/white/snr_10/trial-004__track-1A__phoneme-u__noise-white__snr-10.wav,/workspace/projects/psychopy_phoneme/stimuli/phonemes/u.wav,/workspace/projects/psychopy_phoneme/stimuli/noise/white.wav,44100,0.4989342403628118,14641241,0.31464056758361986,0.07999999852463044,0.08381442693986046
5,1A,f,f,white,10.0,32:00,/workspace/projects/psychopy_phoneme/stimuli/mixed/white/snr_10/trial-005__track-1A__phoneme-f__noise-white__snr-10.wav,/workspace/projects/psychopy_phoneme/stimuli/phonemes/f.wav,/workspace/projects/psychopy_phoneme/stimuli/noise/white.wav,44100,0.525374149659864,23548792,0.3139013139028624,0.07999999903663517,0.0838126868085847
6,1A,ʃ,esh,white,10.0,40:00,/workspace/projects/psychopy_phoneme/stimuli/mixed/white/snr_10/trial-006__track-1A__phoneme-esh__noise-white__snr-10.wav,/workspace/projects/psychopy_phoneme/stimuli/phonemes/esh.wav,/workspace/projects/psychopy_phoneme/stimuli/noise/white.wav,44100,0.4777097505668934,13997648,0.3128173474522868,0.07999999985109657,0.08377555263263288
7,1A,a,a,white,10.0,46:00,/workspace/projects/psychopy_phoneme/stimuli/mixed/white/snr_10/trial-007__track-1A__phoneme-a__noise-white__snr-10.wav,/workspace/projects/psychopy_phoneme/stimuli/phonemes/a.wav,/workspace/projects/psychopy_phoneme/stimuli/noise/white.wav,44100,0.4205895691609977,7741659,0.30944956009524105,0.0799999987893184,0.08371731484220288
8,1A,v,v,white,10.0,51:00,/workspace/projects/psychopy_phoneme/stimuli/mixed/white/snr_10/trial-008__track-1A__phoneme-v__noise-white__snr-10.wav,/workspace/projects/psychopy_phoneme/stimuli/phonemes/v.wav,/workspace/projects/psychopy_phoneme/stimuli/noise/white.wav,44100,0.5391383219954649,24117727,0.31421461875425083,0.0799999986254463,0.0839017162293553
9,1A,s,s,white,10.0,57:00,/workspace/projects/psychopy_phoneme/stimuli/mixed/white/snr_10/trial-009__track-1A__phoneme-s__noise-white__snr-10.wav,/workspace/projects/psychopy_phoneme/stimuli/phonemes/s.wav,/workspace/projects/psychopy_phoneme/stimuli/noise/white.wav,44100,0.49464852607709753,1467470,0.3166296911503268,0.08000000285808027,0.08404616983219586
10,1A,ð,eth,white,10.0,02:00,/workspace/projects/psychopy_phoneme/stimuli/mixed/white/snr_10/trial-010__track-1A__phoneme-eth__noise-white__snr-10.wav,/workspace/projects/psychopy_phoneme/stimuli/phonemes/eth.wav,/workspace/projects/psychopy_phoneme/stimuli/noise/white.wav,44100,0.5543310657596372,24767484,0.3132507371529737,0.080000002358857,0.0838891196083694
11,1A,f,f,white,10.0,09:00,/workspace/projects/psychopy_phoneme/stimuli/mixed/white/snr_10/trial-011__track-1A__phoneme-f__noise-white__snr-10.wav,/workspace/projects/psychopy_phoneme/stimuli/phonemes/f.wav,/workspace/projects/psychopy_phoneme/stimuli/noise/white.wav,44100,0.525374149659864,17852730,0.3169543450827474,0.07999999903663517,0.08409426430550647
12,1A,s,s,white,10.0,15:00,/workspace/projects/psychopy_phoneme/stimuli/mixed/white/snr_10/trial-012__track-1A__phoneme-s__noise-white__snr-10.wav,/workspace/projects/psychopy_phoneme/stimuli/phonemes/s.wav,/workspace/projects/psychopy_phoneme/stimuli/noise/white.wav,44100,0.49464852607709753,23585273,0.317469115655758,0.08000000285808027,0.08423935053688136
13,1A,u,u,white,10.0,20:00,/workspace/projects/psychopy_phoneme/stimuli/mixed/white/snr_10/trial-013__track-1A__phoneme-u__noise-white__snr-10.wav,/workspace/projects/psychopy_phoneme/stimuli/phonemes/u.wav,/workspace/projects/psychopy_phoneme/stimuli/noise/white.wav,44100,0.4989342403628118,8450888,0.31772150986103015,0.07999999852463044,0.08362817749595204
14,1A,ð,eth,white,10.0,28:00,/workspace/projects/psychopy_phoneme/stimuli/mixed/white/snr_10/trial-014__track-1A__phoneme-eth__noise-white__snr-10.wav,/workspace/projects/psychopy_phoneme/stimuli/phonemes/eth.wav,/workspace/projects/psychopy_phoneme/stimuli/noise/white.wav,44100,0.5543310657596372,25748391,0.30944250522953226,0.080000002358857,0.08408605508855008
15,1A,v,v,white,10.0,39:00,/workspace/projects/psychopy_phoneme/stimuli/mixed/white/snr_10/trial-015__track-1A__phoneme-v__noise-white__snr-10.wav,/workspace/projects/psychopy_phoneme/stimuli/phonemes/v.wav,/workspace/projects/psychopy_phoneme/stimuli/noise/white.wav,44100,0.5391383219954649,21971998,0.31423194678496286,0.0799999986254463,0.08388219018673088
16,1A,a,a,white,10.0,46:00,/workspace/projects/psychopy_phoneme/stimuli/mixed/white/snr_10/trial-016__track-1A__phoneme-a__noise-white__snr-10.wav,/workspace/projects/psychopy_phoneme/stimuli/phonemes/a.wav,/workspace/projects/psychopy_phoneme/stimuli/noise/white.wav,44100,0.4205895691609977,21697234,0.3170475632739465,0.0799999987893184,0.08389174112165071
17,1A,z,z,white,10.0,51:00,/workspace/projects/psychopy_phoneme/stimuli/mixed/white/snr_10/trial-017__track-1A__phoneme-z__noise-white__snr-10.wav,/workspace/projects/psychopy_phoneme/stimuli/phonemes/z.wav,/workspace/projects/psychopy_phoneme/stimuli/noise/white.wav,44100,0.5306802721088435,20645008,0.3210268652933064,0.07999999896446343,0.08389797423264929
18,1A,θ,theta,white,10.0,58:00,/workspace/projects/psychopy_phoneme/stimuli/mixed/white/snr_10/trial-018__track-1A__phoneme-theta__noise-white__snr-10.wav,/workspace/projects/psychopy_phoneme/stimuli/phonemes/theta.wav,/workspace/projects/psychopy_phoneme/stimuli/noise/white.wav,44100,0.5073469387755102,22430610,0.318765960635431,0.08000000049129408,0.0838501405523443
19,1A,i,i,white,10.0,04:00,/workspace/projects/psychopy_phoneme/stimuli/mixed/white/snr_10/trial-019__track-1A__phoneme-i__noise-white__snr-10.wav,/workspace/projects/psychopy_phoneme/stimuli/phonemes/i.wav,/workspace/projects/psychopy_phoneme/stimuli/noise/white.wav,44100,0.434421768707483,22978799,0.31779483300349687,0.08000000063302617,0.08400363749574756
20,1A,ʃ,esh,white,10.0,09:00,/workspace/projects/psychopy_phoneme/stimuli/mixed/white/snr_10/trial-020__track-1A__phoneme-esh__noise-white__snr-10.wav,/workspace/projects/psychopy_phoneme/stimuli/phonemes/esh.wav,/workspace/projects/psychopy_phoneme/stimuli/noise/white.wav,44100,0.4777097505668934,21100590,0.3140891433076901,0.07999999985109657,0.0838132793698695
21,1B,ð,eth,white,5.0,07:00,/workspace/projects/psychopy_phoneme/stimuli/mixed/white/snr_5/trial-021__track-1B__phoneme-eth__noise-white__snr-5.wav,/workspace/projects/psychopy_phoneme/stimuli/phonemes/eth.wav,/workspace/projects/psychopy_phoneme/stimuli/noise/white.wav,44100,0.5543310657596372,14330202,0.5662936776981431,0.080000002358857,0.09192614842534388
22,1B,a,a,white,5.0,15:00,/workspace/projects/psychopy_phoneme/stimuli/mixed/white/snr_5/trial-022__track-1B__phoneme-a__noise-white__snr-5.wav,/workspace/projects/psychopy_phoneme/stimuli/phonemes/a.wav,/workspace/projects/psychopy_phoneme/stimuli/noise/white.wav,44100,0.4205895691609977,11763417,0.5643408625613673,0.0799999987893184,0.09228302172624855
23,1B,f,f,white,5.0,20:00,/workspace/projects/psychopy_phoneme/stimuli/mixed/white/snr_5/trial-023__track-1B__phoneme-f__noise-white__snr-5.wav,/workspace/projects/psychopy_phoneme/stimuli/phonemes/f.wav,/workspace/projects/psychopy_phoneme/stimuli/noise/white.wav,44100,0.525374149659864,8130561,0.5649403658103271,0.07999999903663517,0.09143000480045466
24,1B,z,z,white,5.0,27:00,/workspace/projects/psychopy_phoneme/stimuli/mixed/white/snr_5/trial-024__track-1B__phoneme-z__noise-white__snr-5.wav,/workspace/projects/psychopy_phoneme/stimuli/phonemes/z.wav,/workspace/projects/psychopy_phoneme/stimuli/noise/white.wav,44100,0.5306802721088435,18796466,0.5615384139754126,0.07999999896446343,0.09177133274255883
25,1B,i,i,white,5.0,32:00,/workspace/projects/psychopy_phoneme/stimuli/mixed/white/snr_5/trial-025__track-1B__phoneme-i__noise-white__snr-5.wav,/workspace/projects/psychopy_phoneme/stimuli/phonemes/i.wav,/workspace/projects/psychopy_phoneme/stimuli/noise/white.wav,44100,0.434421768707483,16337724,0.563862989035986,0.08000000063302617,0.09178520824030367
26,1B,s,s,white,5.0,40:00,/workspace/projects/psychopy_phoneme/stimuli/mixed/white/snr_5/trial-026__track-1B__phoneme-s__noise-white__snr-5.wav,/workspace/projects/psychopy_phoneme/stimuli/phonemes/s.wav,/workspace/projects/psychopy_phoneme/stimuli/noise/white.wav,44100,0.49464852607709753,3460596,0.5648837195733384,0.08000000285808027,0.09192102227556774
27,1B,ʃ,esh,white,5.0,46:00,/workspace/projects/psychopy_phoneme/stimuli/mixed/white/snr_5/trial-027__track-1B__phoneme-esh__noise-white__snr-5.wav,/workspace/projects/psychopy_phoneme/stimuli/phonemes/esh.wav,/workspace/projects/psychopy_phoneme/stimuli/noise/white.wav,44100,0.4777097505668934,4448806,0.5593478258391504,0.07999999985109657,0.09143764105194027
28,1B,θ,theta,white,5.0,51:00,/workspace/projects/psychopy_phoneme/stimuli/mixed/white/snr_5/trial-028__track-1B__phoneme-theta__noise-white__snr-5.wav,/workspace/projects/psychopy_phoneme/stimuli/phonemes/theta.wav,/workspace/projects/psychopy_phoneme/stimuli/noise/white.wav,44100,0.5073469387755102,9251968,0.5641216717454661,0.08000000049129408,0.09146100831569422
29,1B,v,v,white,5.0,57:00,/workspace/projects/psychopy_phoneme/stimuli/mixed/white/snr_5/trial-029__track-1B__phoneme-v__noise-white__snr-5.wav,/workspace/projects/psychopy_phoneme/stimuli/phonemes/v.wav,/workspace/projects/psychopy_phoneme/stimuli/noise/white.wav,44100,0.5391383219954649,8460235,0.5609346743944997,0.0799999986254463,0.09165025177732485
30,1B,u,u,white,5.0,02:00,/workspace/projects/psychopy_phoneme/stimuli/mixed/white/snr_5/trial-030__track-1B__phoneme-u__noise-white__snr-5.wav,/workspace/projects/psychopy_phoneme/stimuli/phonemes/u.wav,/workspace/projects/psychopy_phoneme/stimuli/noise/white.wav,44100,0.4989342403628118,11715495,0.5558977322193053,0.07999999852463044,0.09236097912195332
31,1B,i,i,white,5.0,09:00,/workspace/projects/psychopy_phoneme/stimuli/mixed/white/snr_5/trial-031__track-1B__phoneme-i__noise-white__snr-5.wav,/workspace/projects/psychopy_phoneme/stimuli/phonemes/i.wav,/workspace/projects/psychopy_phoneme/stimuli/noise/white.wav,44100,0.434421768707483,7288693,0.5665878221095305,0.08000000063302617,0.09161461109083882
32,1B,ð,eth,white,5.0,15:00,/workspace/projects/psychopy_phoneme/stimuli/mixed/white/snr_5/trial-032__track-1B__phoneme-eth__noise-white__snr-5.wav,/workspace/projects/psychopy_phoneme/stimuli/phonemes/eth.wav,/workspace/projects/psychopy_phoneme/stimuli/noise/white.wav,44100,0.5543310657596372,5732539,0.5627557664141309,0.080000002358857,0.09149543763657685
33,1B,u,u,white,5.0,20:00,/workspace/projects/psychopy_phoneme/stimuli/mixed/white/snr_5/trial-033__track-1B__phoneme-u__noise-white__snr-5.wav,/workspace/projects/psychopy_phoneme/stimuli/phonemes/u.wav,/workspace/projects/psychopy_phoneme/stimuli/noise/white.wav,44100,0.4989342403628118,2228192,0.5608615266271907,0.07999999852463044,0.09188896689506111
34,1B,s,s,white,5.0,28:00,/workspace/projects/psychopy_phoneme/stimuli/mixed/white/snr_5/trial-034__track-1B__phoneme-s__noise-white__snr-5.wav,/workspace/projects/psychopy_phoneme/stimuli/phonemes/s.wav,/workspace/projects/psychopy_phoneme/stimuli/noise/white.wav,44100,0.49464852607709753,11219897,0.5435405223960853,0.08000000285808027,0.09133257811808257
35,1B,f,f,white,5.0,39:00,/workspace/projects/psychopy_phoneme/stimuli/mixed/white/snr_5/trial-035__track-1B__phoneme-f__noise-white__snr-5.wav,/workspace/projects/psychopy_phoneme/stimuli/phonemes/f.wav,/workspace/projects/psychopy_phoneme/stimuli/noise/white.wav,44100,0.525374149659864,6395988,0.5638018932432998,0.07999999903663517,0.09148167387900519
36,1B,ʃ,esh,white,5.0,46:00,/workspace/projects/psychopy_phoneme/stimuli/mixed/white/snr_5/trial-036__track-1B__phoneme-esh__noise-white__snr-5.wav,/workspace/projects/psychopy_phoneme/stimuli/phonemes/esh.wav,/workspace/projects/psychopy_phoneme/stimuli/noise/white.wav,44100,0.4777097505668934,6312868,0.5592627381525593,0.07999999985109657,0.09186821017788173
37,1B,a,a,white,5.0,51:00,/workspace/projects/psychopy_phoneme/stimuli/mixed/white/snr_5/trial-037__track-1B__phoneme-a__noise-white__snr-5.wav,/workspace/projects/psychopy_phoneme/stimuli/phonemes/a.wav,/workspace/projects/psychopy_phoneme/stimuli/noise/white.wav,44100,0.4205895691609977,15821690,0.5601697886874567,0.0799999987893184,0.09189443194140906
38,1B,z,z,white,5.0,58:00,/workspace/projects/psychopy_phoneme/stimuli/mixed/white/snr_5/trial-038__track-1B__phoneme-z__noise-white__snr-5.wav,/workspace/projects/psychopy_phoneme/stimuli/phonemes/z.wav,/workspace/projects/psychopy_phoneme/stimuli/noise/white.wav,44100,0.5306802721088435,9039153,0.5637596973900802,0.07999999896446343,0.09156131354560718
39,1B,θ,theta,white,5.0,04:00,/workspace/projects/psychopy_phoneme/stimuli/mixed/white/snr_5/trial-039__track-1B__phoneme-theta__noise-white__snr-5.wav,/workspace/projects/psychopy_phoneme/stimuli/phonemes/theta.wav,/workspace/projects/psychopy_phoneme/stimuli/noise/white.wav,44100,0.5073469387755102,17933558,0.5570143149522291,0.08000000049129408,0.09162306176965634
40,1B,v,v,white,5.0,09:00,/workspace/projects/psychopy_phoneme/stimuli/mixed/white/snr_5/trial-040__track-1B__phoneme-v__noise-white__snr-5.wav,/workspace/projects/psychopy_phoneme/stimuli/phonemes/v.wav,/workspace/projects/psychopy_phoneme/stimuli/noise/white.wav,44100,0.5391383219954649,19491787,0.5631847588574713,0.0799999986254463,0.09169704342267619
41,1C,v,v,white,0.0,07:00,/workspace/projects/psychopy_phoneme/stimuli/mixed/white/snr_0/trial-041__track-1C__phoneme-v__noise-white__snr-0.wav,/workspace/projects/psychopy_phoneme/stimuli/phonemes/v.wav,/workspace/projects/psychopy_phoneme/stimuli/noise/white.wav,44100,0.5391383219954649,213931,0.9940742358328364,0.0799999986254463,0.11364100285694878
42,1C,θ,theta,white,0.0,15:00,/workspace/projects/psychopy_phoneme/stimuli/mixed/white/snr_0/trial-042__track-1C__phoneme-theta__noise-white__snr-0.wav,/workspace/projects/psychopy_phoneme/stimuli/phonemes/theta.wav,/workspace/projects/psychopy_phoneme/stimuli/noise/white.wav,44100,0.5073469387755102,11652251,1.007907234974674,0.08000000049129408,0.11349127354142903
43,1C,z,z,white,0.0,20:00,/workspace/projects/psychopy_phoneme/stimuli/mixed/white/snr_0/trial-043__track-1C__phoneme-z__noise-white__snr-0.wav,/workspace/projects/psychopy_phoneme/stimuli/phonemes/z.wav,/workspace/projects/psychopy_phoneme/stimuli/noise/white.wav,44100,0.5306802721088435,3054759,1.0000752129187307,0.07999999896446343,0.11315286175354299
44,1C,a,a,white,0.0,27:00,/workspace/projects/psychopy_phoneme/stimuli/mixed/white/snr_0/trial-044__track-1C__phoneme-a__noise-white__snr-0.wav,/workspace/projects/psychopy_phoneme/stimuli/phonemes/a.wav,/workspace/projects/psychopy_phoneme/stimuli/noise/white.wav,44100,0.4205895691609977,5961382,1.004589764696869,0.0799999987893184,0.11293362037524216
45,1C,ʃ,esh,white,0.0,32:00,/workspace/projects/psychopy_phoneme/stimuli/mixed/white/snr_0/trial-045__track-1C__phoneme-esh__noise-white__snr-0.wav,/workspace/projects/psychopy_phoneme/stimuli/phonemes/esh.wav,/workspace/projects/psychopy_phoneme/stimuli/noise/white.wav,44100,0.4777097505668934,13481075,0.996546781867571,0.07999999985109657,0.11327246897702621
46,1C,u,u,white,0.0,40:00,/workspace/projects/psychopy_phoneme/stimuli/mixed/white/snr_0/trial-046__track-1C__phoneme-u__noise-white__snr-0.wav,/workspace/projects/psychopy_phoneme/stimuli/phonemes/u.wav,/workspace/projects/psychopy_phoneme/stimuli/noise/white.wav,44100,0.4989342403628118,7010300,0.9974962736001092,0.07999999852463044,0.11375746766105727
47,1C,s,s,white,0.0,46:00,/workspace/projects/psychopy_phoneme/stimuli/mixed/white/snr_0/trial-047__track-1C__phoneme-s__noise-white__snr-0.wav,/workspace/projects/psychopy_phoneme/stimuli/phonemes/s.wav,/workspace/projects/psychopy_phoneme/stimuli/noise/white.wav,44100,0.49464852607709753,21054581,0.9895942166076902,0.08000000285808027,0.11284426145513295
48,1C,i,i,white,0.0,51:00,/workspace/projects/psychopy_phoneme/stimuli/mixed/white/snr_0/trial-048__track-1C__phoneme-i__noise-white__snr-0.wav,/workspace/projects/psychopy_phoneme/stimuli/phonemes/i.wav,/workspace/projects/psychopy_phoneme/stimuli/noise/white.wav,44100,0.434421768707483,13741101,0.9904592061829957,0.08000000063302617,0.11280587724394828
49,1C,f,f,white,0.0,57:00,/workspace/projects/psychopy_phoneme/stimuli/mixed/white/snr_0/trial-049__track-1C__phoneme-f__noise-white__snr-0.wav,/workspace/projects/psychopy_phoneme/stimuli/phonemes/f.wav,/workspace/projects/psychopy_phoneme/stimuli/noise/white.wav,44100,0.525374149659864,11214811,0.9831631648966616,0.07999999903663517,0.11267756892908663
50,1C,ð,eth,white,0.0,02:00,/workspace/projects/psychopy_phoneme/stimuli/mixed/white/snr_0/trial-050__track-1C__phoneme-eth__noise-white__snr-0.wav,/workspace/projects/psychopy_phoneme/stimuli/phonemes/eth.wav,/workspace/projects/psychopy_phoneme/stimuli/noise/white.wav,44100,0.5543310657596372,10215584,1.0135101719010617,0.080000002358857,0.11343803582248799
51,1C,ʃ,esh,white,0.0,09:00,/workspace/projects/psychopy_phoneme/stimuli/mixed/white/snr_0/trial-051__track-1C__phoneme-esh__noise-white__snr-0.wav,/workspace/projects/psychopy_phoneme/stimuli/phonemes/esh.wav,/workspace/projects/psychopy_phoneme/stimuli/noise/white.wav,44100,0.4777097505668934,4582296,0.9863372594727908,0.07999999985109657,0.11336674942115768
52,1C,s,s,white,0.0,15:00,/workspace/projects/psychopy_phoneme/stimuli/mixed/white/snr_0/trial-052__track-1C__phoneme-s__noise-white__snr-0.wav,/workspace/projects/psychopy_phoneme/stimuli/phonemes/s.wav,/workspace/projects/psychopy_phoneme/stimuli/noise/white.wav,44100,0.49464852607709753,20596620,0.9977581158697013,0.08000000285808027,0.11347689437664797
53,1C,u,u,white,0.0,20:00,/workspace/projects/psychopy_phoneme/stimuli/mixed/white/snr_0/trial-053__track-1C__phoneme-u__noise-white__snr-0.wav,/workspace/projects/psychopy_phoneme/stimuli/phonemes/u.wav,/workspace/projects/psychopy_phoneme/stimuli/noise/white.wav,44100,0.4989342403628118,23088801,0.9957125566164077,0.07999999852463044,0.11319768337549449
54,1C,f,f,white,0.0,28:00,/workspace/projects/psychopy_phoneme/stimuli/mixed/white/snr_0/trial-054__track-1C__phoneme-f__noise-white__snr-0.wav,/workspace/projects/psychopy_phoneme/stimuli/phonemes/f.wav,/workspace/projects/psychopy_phoneme/stimuli/noise/white.wav,44100,0.525374149659864,18792698,0.9934972919684951,0.07999999903663517,0.11285320776296584
55,1C,ð,eth,white,0.0,39:00,/workspace/projects/psychopy_phoneme/stimuli/mixed/white/snr_0/trial-055__track-1C__phoneme-eth__noise-white__snr-0.wav,/workspace/projects/psychopy_phoneme/stimuli/phonemes/eth.wav,/workspace/projects/psychopy_phoneme/stimuli/noise/white.wav,44100,0.5543310657596372,23432428,1.0040283280435796,0.080000002358857,0.11382170304875257
56,1C,i,i,white,0.0,46:00,/workspace/projects/psychopy_phoneme/stimuli/mixed/white/snr_0/trial-056__track-1C__phoneme-i__noise-white__snr-0.wav,/workspace/projects/psychopy_phoneme/stimuli/phonemes/i.wav,/workspace/projects/psychopy_phoneme/stimuli/noise/white.wav,44100,0.434421768707483,16630818,1.0076690173809524,0.08000000063302617,0.11361590407585212
57,1C,θ,theta,white,0.0,51:00,/workspace/projects/psychopy_phoneme/stimuli/mixed/white/snr_0/trial-057__track-1C__phoneme-theta__noise-white__snr-0.wav,/workspace/projects/psychopy_phoneme/stimuli/phonemes/theta.wav,/workspace/projects/psychopy_phoneme/stimuli/noise/white.wav,44100,0.5073469387755102,3840064,1.0100340725580312,0.08000000049129408,0.1137461304004786
58,1C,a,a,white,0.0,58:00,/workspace/projects/psychopy_phoneme/stimuli/mixed/white/snr_0/trial-058__track-1C__phoneme-a__noise-white__snr-0.wav,/workspace/projects/psychopy_phoneme/stimuli/phonemes/a.wav,/workspace/projects/psychopy_phoneme/stimuli/noise/white.wav,44100,0.4205895691609977,6253072,0.9937548310378562,0.0799999987893184,0.11321469524579536
59,1C,z,z,white,0.0,04:00,/workspace/projects/psychopy_phoneme/stimuli/mixed/white/snr_0/trial-059__track-1C__phoneme-z__noise-white__snr-0.wav,/workspace/projects/psychopy_phoneme/stimuli/phonemes/z.wav,/workspace/projects/psychopy_phoneme/stimuli/noise/white.wav,44100,0.5306802721088435,8257323,0.9937142580303407,0.07999999896446343,0.11326939150557173
60,1C,v,v,white,0.0,09:00,/workspace/projects/psychopy_phoneme/stimuli/mixed/white/snr_0/trial-060__track-1C__phoneme-v__noise-white__snr-0.wav,/workspace/projects/psychopy_phoneme/stimuli/phonemes/v.wav,/workspace/projects/psychopy_phoneme/stimuli/noise/white.wav,44100,0.5391383219954649,14149905,1.0023548819099555,0.0799999986254463,0.11277843792188841
61,1D,a,a,white,-5.0,07:00,/workspace/projects/psychopy_phoneme/stimuli/mixed/white/snr_-5/trial-061__track-1D__phoneme-a__noise-white__snr--5.wav,/workspace/projects/psychopy_phoneme/stimuli/phonemes/a.wav,/workspace/projects/psychopy_phoneme/stimuli/noise/white.wav,44100,0.4205895691609977,9938448,1.7929567600380365,0.0799999987893184,0.16400066912009434
62,1D,v,v,white,-5.0,15:00,/workspace/projects/psychopy_phoneme/stimuli/mixed/white/snr_-5/trial-062__track-1D__phoneme-v__noise-white__snr--5.wav,/workspace/projects/psychopy_phoneme/stimuli/phonemes/v.wav,/workspace/projects/psychopy_phoneme/stimuli/noise/white.wav,44100,0.5391383219954649,1615903,1.7891158862095073,0.0799999986254463,0.1633037939544479
63,1D,f,f,white,-5.0,20:00,/workspace/projects/psychopy_phoneme/stimuli/mixed/white/snr_-5/trial-063__track-1D__phoneme-f__noise-white__snr--5.wav,/workspace/projects/psychopy_phoneme/stimuli/phonemes/f.wav,/workspace/projects/psychopy_phoneme/stimuli/noise/white.wav,44100,0.525374149659864,5996542,1.7702937302746258,0.07999999903663517,0.16289508277337794
64,1D,s,s,white,-5.0,27:00,/workspace/projects/psychopy_phoneme/stimuli/mixed/white/snr_-5/trial-064__track-1D__phoneme-s__noise-white__snr--5.wav,/workspace/projects/psychopy_phoneme/stimuli/phonemes/s.wav,/workspace/projects/psychopy_phoneme/stimuli/noise/white.wav,44100,0.49464852607709753,12681077,1.7562231809910147,0.08000000285808027,0.16342656871494285
65,1D,θ,theta,white,-5.0,32:00,/workspace/projects/psychopy_phoneme/stimuli/mixed/white/snr_-5/trial-065__track-1D__phoneme-theta__noise-white__snr--5.wav,/workspace/projects/psychopy_phoneme/stimuli/phonemes/theta.wav,/workspace/projects/psychopy_phoneme/stimuli/noise/white.wav,44100,0.5073469387755102,24943465,1.7627049603467062,0.08000000049129408,0.16306386347200139
66,1D,ʃ,esh,white,-5.0,40:00,/workspace/projects/psychopy_phoneme/stimuli/mixed/white/snr_-5/trial-066__track-1D__phoneme-esh__noise-white__snr--5.wav,/workspace/projects/psychopy_phoneme/stimuli/phonemes/esh.wav,/workspace/projects/psychopy_phoneme/stimuli/noise/white.wav,44100,0.4777097505668934,14605901,1.7869957028212924,0.07999999985109657,0.16352813592450677
67,1D,z,z,white,-5.0,46:00,/workspace/projects/psychopy_phoneme/stimuli/mixed/white/snr_-5/trial-067__track-1D__phoneme-z__noise-white__snr--5.wav,/workspace/projects/psychopy_phoneme/stimuli/phonemes/z.wav,/workspace/projects/psychopy_phoneme/stimuli/noise/white.wav,44100,0.5306802721088435,12466660,1.779050631457248,0.07999999896446343,0.16400588160007704
68,1D,ð,eth,white,-5.0,51:00,/workspace/projects/psychopy_phoneme/stimuli/mixed/white/snr_-5/trial-068__track-1D__phoneme-eth__noise-white__snr--5.wav,/workspace/projects/psychopy_phoneme/stimuli/phonemes/eth.wav,/workspace/projects/psychopy_phoneme/stimuli/noise/white.wav,44100,0.5543310657596372,21143438,1.7891472642082962,0.080000002358857,0.16403856602120748
69,1D,i,i,white,-5.0,57:00,/workspace/projects/psychopy_phoneme/stimuli/mixed/white/snr_-5/trial-069__track-1D__phoneme-i__noise-white__snr--5.wav,/workspace/projects/psychopy_phoneme/stimuli/phonemes/i.wav,/workspace/projects/psychopy_phoneme/stimuli/noise/white.wav,44100,0.434421768707483,21001782,1.7877599414784884,0.08000000063302617,0.16332196633787302
70,1D,u,u,white,-5.0,02:00,/workspace/projects/psychopy_phoneme/stimuli/mixed/white/snr_-5/trial-070__track-1D__phoneme-u__noise-white__snr--5.wav,/workspace/projects/psychopy_phoneme/stimuli/phonemes/u.wav,/workspace/projects/psychopy_phoneme/stimuli/noise/white.wav,44100,0.4989342403628118,6788017,1.7926959526571777,0.07999999852463044,0.16279961853706065
71,1D,z,z,white,-5.0,09:00,/workspace/projects/psychopy_phoneme/stimuli/mixed/white/snr_-5/trial-071__track-1D__phoneme-z__noise-white__snr--5.wav,/workspace/projects/psychopy_phoneme/stimuli/phonemes/z.wav,/workspace/projects/psychopy_phoneme/stimuli/noise/white.wav,44100,0.5306802721088435,24156269,1.7694577417687485,0.07999999896446343,0.16197999232293359
72,1D,a,a,white,-5.0,15:00,/workspace/projects/psychopy_phoneme/stimuli/mixed/white/snr_-5/trial-072__track-1D__phoneme-a__noise-white__snr--5.wav,/workspace/projects/psychopy_phoneme/stimuli/phonemes/a.wav,/workspace/projects/psychopy_phoneme/stimuli/noise/white.wav,44100,0.4205895691609977,23827011,1.783922228830378,0.0799999987893184,0.1629412612533575
73,1D,u,u,white,-5.0,20:00,/workspace/projects/psychopy_phoneme/stimuli/mixed/white/snr_-5/trial-073__track-1D__phoneme-u__noise-white__snr--5.wav,/workspace/projects/psychopy_phoneme/stimuli/phonemes/u.wav,/workspace/projects/psychopy_phoneme/stimuli/noise/white.wav,44100,0.4989342403628118,5175774,1.7633724030135411,0.07999999852463044,0.16315077072311324
74,1D,i,i,white,-5.0,28:00,/workspace/projects/psychopy_phoneme/stimuli/mixed/white/snr_-5/trial-074__track-1D__phoneme-i__noise-white__snr--5.wav,/workspace/projects/psychopy_phoneme/stimuli/phonemes/i.wav,/workspace/projects/psychopy_phoneme/stimuli/noise/white.wav,44100,0.434421768707483,14352833,1.8067882109071187,0.08000000063302617,0.1631313912471284
75,1D,ð,eth,white,-5.0,39:00,/workspace/projects/psychopy_phoneme/stimuli/mixed/white/snr_-5/trial-075__track-1D__phoneme-eth__noise-white__snr--5.wav,/workspace/projects/psychopy_phoneme/stimuli/phonemes/eth.wav,/workspace/projects/psychopy_phoneme/stimuli/noise/white.wav,44100,0.5543310657596372,18465194,1.7808213228569914,0.080000002358857,0.16226112630353257
76,1D,s,s,white,-5.0,46:00,/workspace/projects/psychopy_phoneme/stimuli/mixed/white/snr_-5/trial-076__track-1D__phoneme-s__noise-white__snr--5.wav,/workspace/projects/psychopy_phoneme/stimuli/phonemes/s.wav,/workspace/projects/psychopy_phoneme/stimuli/noise/white.wav,44100,0.49464852607709753,23423402,1.7572762134864348,0.08000000285808027,0.162070985166369
77,1D,v,v,white,-5.0,51:00,/workspace/projects/psychopy_phoneme/stimuli/mixed/white/snr_-5/trial-077__track-1D__phoneme-v__noise-white__snr--5.wav,/workspace/projects/psychopy_phoneme/stimuli/phonemes/v.wav,/workspace/projects/psychopy_phoneme/stimuli/noise/white.wav,44100,0.5391383219954649,18900251,1.7616512978765713,0.0799999986254463,0.16254136047639386
78,1D,θ,theta,white,-5.0,58:00,/workspace/projects/psychopy_phoneme/stimuli/mixed/white/snr_-5/trial-078__track-1D__phoneme-theta__noise-white__snr--5.wav,/workspace/projects/psychopy_phoneme/stimuli/phonemes/theta.wav,/workspace/projects/psychopy_phoneme/stimuli/noise/white.wav,44100,0.5073469387755102,21400884,1.7998610704702525,0.08000000049129408,0.1638425511847338
79,1D,ʃ,esh,white,-5.0,04:00,/workspace/projects/psychopy_phoneme/stimuli/mixed/white/snr_-5/trial-079__track-1D__phoneme-esh__noise-white__snr--5.wav,/workspace/projects/psychopy_phoneme/stimuli/phonemes/esh.wav,/workspace/projects/psychopy_phoneme/stimuli/noise/white.wav,44100,0.4777097505668934,6729239,1.7694494370297678,0.07999999985109657,0.1620572542559641
80,1D,f,f,white,-5.0,09:00,/workspace/projects/psychopy_phoneme/stimuli/mixed/white/snr_-5/trial-080__track-1D__phoneme-f__noise-white__snr--5.wav,/workspace/projects/psychopy_phoneme/stimuli/phonemes/f.wav,/workspace/projects/psychopy_phoneme/stimuli/noise/white.wav,44100,0.525374149659864,20864612,1.744327814065972,0.07999999903663517,0.16262919019072128
81,1E,i,i,white,-10.0,07:00,/workspace/projects/psychopy_phoneme/stimuli/mixed/white/snr_-10/trial-081__track-1E__phoneme-i__noise-white__snr--10.wav,/workspace/projects/psychopy_phoneme/stimuli/phonemes/i.wav,/workspace/projects/psychopy_phoneme/stimuli/noise/white.wav,44100,0.434421768707483,1817423,3.1822847674396324,0.08000000063302617,0.23995332923211488
82,1E,s,s,white,-10.0,15:00,/workspace/projects/psychopy_phoneme/stimuli/mixed/white/snr_-10/trial-082__track-1E__phoneme-s__noise-white__snr--10.wav,/workspace/projects/psychopy_phoneme/stimuli/phonemes/s.wav,/workspace/projects/psychopy_phoneme/stimuli/noise/white.wav,44100,0.49464852607709753,841160,3.186564639399353,0.08000000285808027,0.2392694464213134
83,1E,z,z,white,-10.0,20:00,/workspace/projects/psychopy_phoneme/stimuli/mixed/white/snr_-10/trial-083__track-1E__phoneme-z__noise-white__snr--10.wav,/workspace/projects/psychopy_phoneme/stimuli/phonemes/z.wav,/workspace/projects/psychopy_phoneme/stimuli/noise/white.wav,44100,0.5306802721088435,20939274,3.1691064878526496,0.07999999896446343,0.23591638893315284
84,1E,θ,theta,white,-10.0,27:00,/workspace/projects/psychopy_phoneme/stimuli/mixed/white/snr_-10/trial-084__track-1E__phoneme-theta__noise-white__snr--10.wav,/workspace/projects/psychopy_phoneme/stimuli/phonemes/theta.wav,/workspace/projects/psychopy_phoneme/stimuli/noise/white.wav,44100,0.5073469387755102,3456805,3.1473328310454094,0.08000000049129408,0.21902499632197273
85,1E,u,u,white,-10.0,32:00,/workspace/projects/psychopy_phoneme/stimuli/mixed/white/snr_-10/trial-085__track-1E__phoneme-u__noise-white__snr--10.wav,/workspace/projects/psychopy_phoneme/stimuli/phonemes/u.wav,/workspace/projects/psychopy_phoneme/stimuli/noise/white.wav,44100,0.4989342403628118,15575635,3.11822476318119,0.07999999852463044,0.2329593271103857
86,1E,ð,eth,white,-10.0,40:00,/workspace/projects/psychopy_phoneme/stimuli/mixed/white/snr_-10/trial-086__track-1E__phoneme-eth__noise-white__snr--10.wav,/workspace/projects/psychopy_phoneme/stimuli/phonemes/eth.wav,/workspace/projects/psychopy_phoneme/stimuli/noise/white.wav,44100,0.5543310657596372,17867094,3.1801924782392463,0.080000002358857,0.22087371558533153
87,1E,ʃ,esh,white,-10.0,46:00,/workspace/projects/psychopy_phoneme/stimuli/mixed/white/snr_-10/trial-087__track-1E__phoneme-esh__noise-white__snr--10.wav,/workspace/projects/psychopy_phoneme/stimuli/phonemes/esh.wav,/workspace/projects/psychopy_phoneme/stimuli/noise/white.wav,44100,0.4777097505668934,10499276,3.1582037179473503,0.07999999985109657,0.21866067843490536
88,1E,f,f,white,-10.0,51:00,/workspace/projects/psychopy_phoneme/stimuli/mixed/white/snr_-10/trial-088__track-1E__phoneme-f__noise-white__snr--10.wav,/workspace/projects/psychopy_phoneme/stimuli/phonemes/f.wav,/workspace/projects/psychopy_phoneme/stimuli/noise/white.wav,44100,0.525374149659864,25855308,3.143900202319064,0.07999999903663517,0.19965289512991616
89,1E,v,v,white,-10.0,57:00,/workspace/projects/psychopy_phoneme/stimuli/mixed/white/snr_-10/trial-089__track-1E__phoneme-v__noise-white__snr--10.wav,/workspace/projects/psychopy_phoneme/stimuli/phonemes/v.wav,/workspace/projects/psychopy_phoneme/stimuli/noise/white.wav,44100,0.5391383219954649,25521864,3.174537268240359,0.0799999986254463,0.2296179736082246
90,1E,a,a,white,-10.0,02:00,/workspace/projects/psychopy_phoneme/stimuli/mixed/white/snr_-10/trial-090__track-1E__phoneme-a__noise-white__snr--10.wav,/workspace/projects/psychopy_phoneme/stimuli/phonemes/a.wav,/workspace/projects/psychopy_phoneme/stimuli/noise/white.wav,44100,0.4205895691609977,13863620,3.145691682074988,0.0799999987893184,0.23901595269235168
91,1E,z,z,white,-10.0,09:00,/workspace/projects/psychopy_phoneme/stimuli/mixed/white/snr_-10/trial-091__track-1E__phoneme-z__noise-white__snr--10.wav,/workspace/projects/psychopy_phoneme/stimuli/phonemes/z.wav,/workspace/projects/psychopy_phoneme/stimuli/noise/white.wav,44100,0.5306802721088435,18654356,3.1296650477319434,0.07999999896446343,0.2402052302737964
92,1E,f,f,white,-10.0,15:00,/workspace/projects/psychopy_phoneme/stimuli/mixed/white/snr_-10/trial-092__track-1E__phoneme-f__noise-white__snr--10.wav,/workspace/projects/psychopy_phoneme/stimuli/phonemes/f.wav,/workspace/projects/psychopy_phoneme/stimuli/noise/white.wav,44100,0.525374149659864,2502926,3.1691867138049754,0.07999999903663517,0.20646421369511384
93,1E,θ,theta,white,-10.0,20:00,/workspace/projects/psychopy_phoneme/stimuli/mixed/white/snr_-10/trial-093__track-1E__phoneme-theta__noise-white__snr--10.wav,/workspace/projects/psychopy_phoneme/stimuli/phonemes/theta.wav,/workspace/projects/psychopy_phoneme/stimuli/noise/white.wav,44100,0.5073469387755102,5388166,3.165865637356216,0.08000000049129408,0.2232561946795378
94,1E,i,i,white,-10.0,28:00,/workspace/projects/psychopy_phoneme/stimuli/mixed/white/snr_-10/trial-094__track-1E__phoneme-i__noise-white__snr--10.wav,/workspace/projects/psychopy_phoneme/stimuli/phonemes/i.wav,/workspace/projects/psychopy_phoneme/stimuli/noise/white.wav,44100,0.434421768707483,9785154,3.1578788170624623,0.08000000063302617,0.22393628366346544
95,1E,v,v,white,-10.0,39:00,/workspace/projects/psychopy_phoneme/stimuli/mixed/white/snr_-10/trial-095__track-1E__phoneme-v__noise-white__snr--10.wav,/workspace/projects/psychopy_phoneme/stimuli/phonemes/v.wav,/workspace/projects/psychopy_phoneme/stimuli/noise/white.wav,44100,0.5391383219954649,24289596,3.17375371708076,0.0799999986254463,0.22425700055508463
96,1E,s,s,white,-10.0,46:00,/workspace/projects/psychopy_phoneme/stimuli/mixed/white/snr_-10/trial-096__track-1E__phoneme-s__noise-white__snr--10.wav,/workspace/projects/psychopy_phoneme/stimuli/phonemes/s.wav,/workspace/projects/psychopy_phoneme/stimuli/noise/white.wav,44100,0.49464852607709753,11179493,3.1420684612648944,0.08000000285808027,0.23113872820109344
97,1E,a,a,white,-10.0,51:00,/workspace/projects/psychopy_phoneme/stimuli/mixed/white/snr_-10/trial-097__track-1E__phoneme-a__noise-white__snr--10.wav,/workspace/projects/psychopy_phoneme/stimuli/phonemes/a.wav,/workspace/projects/psychopy_phoneme/stimuli/noise/white.wav,44100,0.4205895691609977,9327520,3.1664938667211735,0.0799999987893184,0.2210047017452899
98,1E,u,u,white,-10.0,58:00,/workspace/projects/psychopy_phoneme/stimuli/mixed/white/snr_-10/trial-098__track-1E__phoneme-u__noise-white__snr--10.wav,/workspace/projects/psychopy_phoneme/stimuli/phonemes/u.wav,/workspace/projects/psychopy_phoneme/stimuli/noise/white.wav,44100,0.4989342403628118,1650130,3.15851323407634,0.07999999852463044,0.22789643406031976
99,1E,ð,eth,white,-10.0,04:00,/workspace/projects/psychopy_phoneme/stimuli/mixed/white/snr_-10/trial-099__track-1E__phoneme-eth__noise-white__snr--10.wav,/workspace/projects/psychopy_phoneme/stimuli/phonemes/eth.wav,/workspace/projects/psychopy_phoneme/stimuli/noise/white.wav,44100,0.5543310657596372,14134764,3.181948281690474,0.080000002358857,0.2250808837322068
100,1E,ʃ,esh,white,-10.0,09:00,/workspace/projects/psychopy_phoneme/stimuli/mixed/white/snr_-10/trial-100__track-1E__phoneme-esh__noise-white__snr--10.wav,/workspace/projects/psychopy_phoneme/stimuli/phonemes/esh.wav,/workspace/projects/psychopy_phoneme/stimuli/noise/white.wav,44100,0.4777097505668934,16232894,3.1678423231100927,0.07999999985109657,0.2106827707902718
101,2A,s,s,babble,10.0,07:00,/workspace/projects/psychopy_phoneme/stimuli/mixed/babble/snr_10/trial-101__track-2A__phoneme-s__noise-babble__snr-10.wav,/workspace/projects/psychopy_phoneme/stimuli/phonemes/s.wav,/workspace/projects/psychopy_phoneme/stimuli/noise/babble.wav,44100,0.49464852607709753,74802846,0.2434374618123349,0.08000000285808027,0.0836539000425557
102,2A,ð,eth,babble,10.0,15:00,/workspace/projects/psychopy_phoneme/stimuli/mixed/babble/snr_10/trial-102__track-2A__phoneme-eth__noise-babble__snr-10.wav,/workspace/projects/psychopy_phoneme/stimuli/phonemes/eth.wav,/workspace/projects/psychopy_phoneme/stimuli/noise/babble.wav,44100,0.5543310657596372,75502686,0.35745526809475425,0.080000002358857,0.08414501352568106
103,2A,ʃ,esh,babble,10.0,20:00,/workspace/projects/psychopy_phoneme/stimuli/mixed/babble/snr_10/trial-103__track-2A__phoneme-esh__noise-babble__snr-10.wav,/workspace/projects/psychopy_phoneme/stimuli/phonemes/esh.wav,/workspace/projects/psychopy_phoneme/stimuli/noise/babble.wav,44100,0.4777097505668934,140438274,0.3253560229653058,0.07999999985109657,0.08434891298686294
104,2A,i,i,babble,10.0,27:00,/workspace/projects/psychopy_phoneme/stimuli/mixed/babble/snr_10/trial-104__track-2A__phoneme-i__noise-babble__snr-10.wav,/workspace/projects/psychopy_phoneme/stimuli/phonemes/i.wav,/workspace/projects/psychopy_phoneme/stimuli/noise/babble.wav,44100,0.434421768707483,99832491,0.3942113952713181,0.08000000063302617,0.08355777533484439
105,2A,f,f,babble,10.0,32:00,/workspace/projects/psychopy_phoneme/stimuli/mixed/babble/snr_10/trial-105__track-2A__phoneme-f__noise-babble__snr-10.wav,/workspace/projects/psychopy_phoneme/stimuli/phonemes/f.wav,/workspace/projects/psychopy_phoneme/stimuli/noise/babble.wav,44100,0.525374149659864,12183830,0.28949026906021486,0.07999999903663517,0.08409881248588466
106,2A,a,a,babble,10.0,40:00,/workspace/projects/psychopy_phoneme/stimuli/mixed/babble/snr_10/trial-106__track-2A__phoneme-a__noise-babble__snr-10.wav,/workspace/projects/psychopy_phoneme/stimuli/phonemes/a.wav,/workspace/projects/psychopy_phoneme/stimuli/noise/babble.wav,44100,0.4205895691609977,19455043,0.3147690987489404,0.0799999987893184,0.08373859015103956
107,2A,v,v,babble,10.0,46:00,/workspace/projects/psychopy_phoneme/stimuli/mixed/babble/snr_10/trial-107__track-2A__phoneme-v__noise-babble__snr-10.wav,/workspace/projects/psychopy_phoneme/stimuli/phonemes/v.wav,/workspace/projects/psychopy_phoneme/stimuli/noise/babble.wav,44100,0.5391383219954649,86559786,0.37438228133229523,0.0799999986254463,0.08390271180531017
108,2A,u,u,babble,10.0,51:00,/workspace/projects/psychopy_phoneme/stimuli/mixed/babble/snr_10/trial-108__track-2A__phoneme-u__noise-babble__snr-10.wav,/workspace/projects/psychopy_phoneme/stimuli/phonemes/u.wav,/workspace/projects/psychopy_phoneme/stimuli/noise/babble.wav,44100,0.4989342403628118,13679233,0.36332139376162825,0.07999999852463044,0.08426298300032417
109,2A,z,z,babble,10.0,57:00,/workspace/projects/psychopy_phoneme/stimuli/mixed/babble/snr_10/trial-109__track-2A__phoneme-z__noise-babble__snr-10.wav,/workspace/projects/psychopy_phoneme/stimuli/phonemes/z.wav,/workspace/projects/psychopy_phoneme/stimuli/noise/babble.wav,44100,0.5306802721088435,131896132,0.2938067370146461,0.07999999896446343,0.08482694655767047
110,2A,θ,theta,babble,10.0,02:00,/workspace/projects/psychopy_phoneme/stimuli/mixed/babble/snr_10/trial-110__track-2A__phoneme-theta__noise-babble__snr-10.wav,/workspace/projects/psychopy_phoneme/stimuli/phonemes/theta.wav,/workspace/projects/psychopy_phoneme/stimuli/noise/babble.wav,44100,0.5073469387755102,8011412,0.3003451901578559,0.08000000049129408,0.08327071554887681
111,2A,i,i,babble,10.0,09:00,/workspace/projects/psychopy_phoneme/stimuli/mixed/babble/snr_10/trial-111__track-2A__phoneme-i__noise-babble__snr-10.wav,/workspace/projects/psychopy_phoneme/stimuli/phonemes/i.wav,/workspace/projects/psychopy_phoneme/stimuli/noise/babble.wav,44100,0.434421768707483,84453845,0.31380713389911963,0.08000000063302617,0.0837116398881586
112,2A,u,u,babble,10.0,15:00,/workspace/projects/psychopy_phoneme/stimuli/mixed/babble/snr_10/trial-112__track-2A__phoneme-u__noise-babble__snr-10.wav,/workspace/projects/psychopy_phoneme/stimuli/phonemes/u.wav,/workspace/projects/psychopy_phoneme/stimuli/noise/babble.wav,44100,0.4989342403628118,121128849,0.31873524340824577,0.07999999852463044,0.08407312748006228
113,2A,s,s,babble,10.0,20:00,/workspace/projects/psychopy_phoneme/stimuli/mixed/babble/snr_10/trial-113__track-2A__phoneme-s__noise-babble__snr-10.wav,/workspace/projects/psychopy_phoneme/stimuli/phonemes/s.wav,/workspace/projects/psychopy_phoneme/stimuli/noise/babble.wav,44100,0.49464852607709753,158731483,0.2552480059965384,0.08000000285808027,0.0837728181027049
114,2A,θ,theta,babble,10.0,28:00,/workspace/projects/psychopy_phoneme/stimuli/mixed/babble/snr_10/trial-114__track-2A__phoneme-theta__noise-babble__snr-10.wav,/workspace/projects/psychopy_phoneme/stimuli/phonemes/theta.wav,/workspace/projects/psychopy_phoneme/stimuli/noise/babble.wav,44100,0.5073469387755102,91801065,0.36661731414486753,0.08000000049129408,0.0839356128655231
115,2A,ʃ,esh,babble,10.0,39:00,/workspace/projects/psychopy_phoneme/stimuli/mixed/babble/snr_10/trial-115__track-2A__phoneme-esh__noise-babble__snr-10.wav,/workspace/projects/psychopy_phoneme/stimuli/phonemes/esh.wav,/workspace/projects/psychopy_phoneme/stimuli/noise/babble.wav,44100,0.4777097505668934,57097328,0.27048319460072495,0.07999999985109657,0.08330222600833638
116,2A,v,v,babble,10.0,46:00,/workspace/projects/psychopy_phoneme/stimuli/mixed/babble/snr_10/trial-116__track-2A__phoneme-v__noise-babble__snr-10.wav,/workspace/projects/psychopy_phoneme/stimuli/phonemes/v.wav,/workspace/projects/psychopy_phoneme/stimuli/noise/babble.wav,44100,0.5391383219954649,20130126,0.23629522597506755,0.0799999986254463,0.08390793166703846
117,2A,z,z,babble,10.0,51:00,/workspace/projects/psychopy_phoneme/stimuli/mixed/babble/snr_10/trial-117__track-2A__phoneme-z__noise-babble__snr-10.wav,/workspace/projects/psychopy_phoneme/stimuli/phonemes/z.wav,/workspace/projects/psychopy_phoneme/stimuli/noise/babble.wav,44100,0.5306802721088435,107790578,0.33221279893542904,0.07999999896446343,0.08419322455901285
118,2A,f,f,babble,10.0,58:00,/workspace/projects/psychopy_phoneme/stimuli/mixed/babble/snr_10/trial-118__track-2A__phoneme-f__noise-babble__snr-10.wav,/workspace/projects/psychopy_phoneme/stimuli/phonemes/f.wav,/workspace/projects/psychopy_phoneme/stimuli/noise/babble.wav,44100,0.525374149659864,66454676,0.3104105097144834,0.07999999903663517,0.08322998872046712
119,2A,a,a,babble,10.0,04:00,/workspace/projects/psychopy_phoneme/stimuli/mixed/babble/snr_10/trial-119__track-2A__phoneme-a__noise-babble__snr-10.wav,/workspace/projects/psychopy_phoneme/stimuli/phonemes/a.wav,/workspace/projects/psychopy_phoneme/stimuli/noise/babble.wav,44100,0.4205895691609977,21518481,0.2597592013943656,0.0799999987893184,0.08394805760273662
120,2A,ð,eth,babble,10.0,09:00,/workspace/projects/psychopy_phoneme/stimuli/mixed/babble/snr_10/trial-120__track-2A__phoneme-eth__noise-babble__snr-10.wav,/workspace/projects/psychopy_phoneme/stimuli/phonemes/eth.wav,/workspace/projects/psychopy_phoneme/stimuli/noise/babble.wav,44100,0.5543310657596372,61143800,0.2970009129463304,0.080000002358857,0.08384609951984054
121,2B,u,u,babble,5.0,07:00,/workspace/projects/psychopy_phoneme/stimuli/mixed/babble/snr_5/trial-121__track-2B__phoneme-u__noise-babble__snr-5.wav,/workspace/projects/psychopy_phoneme/stimuli/phonemes/u.wav,/workspace/projects/psychopy_phoneme/stimuli/noise/babble.wav,44100,0.4989342403628118,64858878,0.46168534763990265,0.07999999852463044,0.09201576549441162
122,2B,i,i,babble,5.0,15:00,/workspace/projects/psychopy_phoneme/stimuli/mixed/babble/snr_5/trial-122__track-2B__phoneme-i__noise-babble__snr-5.wav,/workspace/projects/psychopy_phoneme/stimuli/phonemes/i.wav,/workspace/projects/psychopy_phoneme/stimuli/noise/babble.wav,44100,0.434421768707483,30170544,0.5480595576621605,0.08000000063302617,0.0918537659384025
123,2B,a,a,babble,5.0,20:00,/workspace/projects/psychopy_phoneme/stimuli/mixed/babble/snr_5/trial-123__track-2B__phoneme-a__noise-babble__snr-5.wav,/workspace/projects/psychopy_phoneme/stimuli/phonemes/a.wav,/workspace/projects/psychopy_phoneme/stimuli/noise/babble.wav,44100,0.4205895691609977,5278927,0.47452769528958105,0.0799999987893184,0.09164956868739771
124,2B,θ,theta,babble,5.0,27:00,/workspace/projects/psychopy_phoneme/stimuli/mixed/babble/snr_5/trial-124__track-2B__phoneme-theta__noise-babble__snr-5.wav,/workspace/projects/psychopy_phoneme/stimuli/phonemes/theta.wav,/workspace/projects/psychopy_phoneme/stimuli/noise/babble.wav,44100,0.5073469387755102,7101795,0.9097735220544011,0.08000000049129408,0.09037941032429085
125,2B,z,z,babble,5.0,32:00,/workspace/projects/psychopy_phoneme/stimuli/mixed/babble/snr_5/trial-125__track-2B__phoneme-z__noise-babble__snr-5.wav,/workspace/projects/psychopy_phoneme/stimuli/phonemes/z.wav,/workspace/projects/psychopy_phoneme/stimuli/noise/babble.wav,44100,0.5306802721088435,127497028,0.4563330733104439,0.07999999896446343,0.08986906929344915
126,2B,f,f,babble,5.0,40:00,/workspace/projects/psychopy_phoneme/stimuli/mixed/babble/snr_5/trial-126__track-2B__phoneme-f__noise-babble__snr-5.wav,/workspace/projects/psychopy_phoneme/stimuli/phonemes/f.wav,/workspace/projects/psychopy_phoneme/stimuli/noise/babble.wav,44100,0.525374149659864,103417377,0.5490842287782736,0.07999999903663517,0.09179994922853064
127,2B,ʃ,esh,babble,5.0,46:00,/workspace/projects/psychopy_phoneme/stimuli/mixed/babble/snr_5/trial-127__track-2B__phoneme-esh__noise-babble__snr-5.wav,/workspace/projects/psychopy_phoneme/stimuli/phonemes/esh.wav,/workspace/projects/psychopy_phoneme/stimuli/noise/babble.wav,44100,0.4777097505668934,30199638,0.6225918516800006,0.07999999985109657,0.09349864788041895
128,2B,ð,eth,babble,5.0,51:00,/workspace/projects/psychopy_phoneme/stimuli/mixed/babble/snr_5/trial-128__track-2B__phoneme-eth__noise-babble__snr-5.wav,/workspace/projects/psychopy_phoneme/stimuli/phonemes/eth.wav,/workspace/projects/psychopy_phoneme/stimuli/noise/babble.wav,44100,0.5543310657596372,66957646,0.6563050747800785,0.080000002358857,0.09145980699413285
129,2B,v,v,babble,5.0,57:00,/workspace/projects/psychopy_phoneme/stimuli/mixed/babble/snr_5/trial-129__track-2B__phoneme-v__noise-babble__snr-5.wav,/workspace/projects/psychopy_phoneme/stimuli/phonemes/v.wav,/workspace/projects/psychopy_phoneme/stimuli/noise/babble.wav,44100,0.5391383219954649,141592369,0.6519150562750092,0.0799999986254463,0.09174104577058538
130,2B,s,s,babble,5.0,02:00,/workspace/projects/psychopy_phoneme/stimuli/mixed/babble/snr_5/trial-130__track-2B__phoneme-s__noise-babble__snr-5.wav,/workspace/projects/psychopy_phoneme/stimuli/phonemes/s.wav,/workspace/projects/psychopy_phoneme/stimuli/noise/babble.wav,44100,0.49464852607709753,91099551,0.4295958450791429,0.08000000285808027,0.09121892620160957
131,2B,s,s,babble,5.0,09:00,/workspace/projects/psychopy_phoneme/stimuli/mixed/babble/snr_5/trial-131__track-2B__phoneme-s__noise-babble__snr-5.wav,/workspace/projects/psychopy_phoneme/stimuli/phonemes/s.wav,/workspace/projects/psychopy_phoneme/stimuli/noise/babble.wav,44100,0.49464852607709753,132695262,0.7024654480193872,0.08000000285808027,0.09229452395632115
132,2B,v,v,babble,5.0,15:00,/workspace/projects/psychopy_phoneme/stimuli/mixed/babble/snr_5/trial-132__track-2B__phoneme-v__noise-babble__snr-5.wav,/workspace/projects/psychopy_phoneme/stimuli/phonemes/v.wav,/workspace/projects/psychopy_phoneme/stimuli/noise/babble.wav,44100,0.5391383219954649,25367393,0.5300134149069797,0.0799999986254463,0.09225946702204091
133,2B,θ,theta,babble,5.0,20:00,/workspace/projects/psychopy_phoneme/stimuli/mixed/babble/snr_5/trial-133__track-2B__phoneme-theta__noise-babble__snr-5.wav,/workspace/projects/psychopy_phoneme/stimuli/phonemes/theta.wav,/workspace/projects/psychopy_phoneme/stimuli/noise/babble.wav,44100,0.5073469387755102,82864264,0.500478627030754,0.08000000049129408,0.09081165310312227
134,2B,f,f,babble,5.0,28:00,/workspace/projects/psychopy_phoneme/stimuli/mixed/babble/snr_5/trial-134__track-2B__phoneme-f__noise-babble__snr-5.wav,/workspace/projects/psychopy_phoneme/stimuli/phonemes/f.wav,/workspace/projects/psychopy_phoneme/stimuli/noise/babble.wav,44100,0.525374149659864,130161174,0.5281464508148582,0.07999999903663517,0.09133375728129882
135,2B,ʃ,esh,babble,5.0,39:00,/workspace/projects/psychopy_phoneme/stimuli/mixed/babble/snr_5/trial-135__track-2B__phoneme-esh__noise-babble__snr-5.wav,/workspace/projects/psychopy_phoneme/stimuli/phonemes/esh.wav,/workspace/projects/psychopy_phoneme/stimuli/noise/babble.wav,44100,0.4777097505668934,76734171,0.6514058273376392,0.07999999985109657,0.0905872620110762
136,2B,ð,eth,babble,5.0,46:00,/workspace/projects/psychopy_phoneme/stimuli/mixed/babble/snr_5/trial-136__track-2B__phoneme-eth__noise-babble__snr-5.wav,/workspace/projects/psychopy_phoneme/stimuli/phonemes/eth.wav,/workspace/projects/psychopy_phoneme/stimuli/noise/babble.wav,44100,0.5543310657596372,31071307,0.543688984322091,0.080000002358857,0.0910351613191892
137,2B,a,a,babble,5.0,51:00,/workspace/projects/psychopy_phoneme/stimuli/mixed/babble/snr_5/trial-137__track-2B__phoneme-a__noise-babble__snr-5.wav,/workspace/projects/psychopy_phoneme/stimuli/phonemes/a.wav,/workspace/projects/psychopy_phoneme/stimuli/noise/babble.wav,44100,0.4205895691609977,142296830,0.5331351923131283,0.0799999987893184,0.09208562934416148
138,2B,u,u,babble,5.0,58:00,/workspace/projects/psychopy_phoneme/stimuli/mixed/babble/snr_5/trial-138__track-2B__phoneme-u__noise-babble__snr-5.wav,/workspace/projects/psychopy_phoneme/stimuli/phonemes/u.wav,/workspace/projects/psychopy_phoneme/stimuli/noise/babble.wav,44100,0.4989342403628118,17715778,0.47755748663246234,0.07999999852463044,0.09200238270310099
139,2B,z,z,babble,5.0,04:00,/workspace/projects/psychopy_phoneme/stimuli/mixed/babble/snr_5/trial-139__track-2B__phoneme-z__noise-babble__snr-5.wav,/workspace/projects/psychopy_phoneme/stimuli/phonemes/z.wav,/workspace/projects/psychopy_phoneme/stimuli/noise/babble.wav,44100,0.5306802721088435,15978070,0.5801040081481577,0.07999999896446343,0.09293611114261428
140,2B,i,i,babble,5.0,09:00,/workspace/projects/psychopy_phoneme/stimuli/mixed/babble/snr_5/trial-140__track-2B__phoneme-i__noise-babble__snr-5.wav,/workspace/projects/psychopy_phoneme/stimuli/phonemes/i.wav,/workspace/projects/psychopy_phoneme/stimuli/noise/babble.wav,44100,0.434421768707483,81482438,0.6042052792586889,0.08000000063302617,0.09224532746257655
141,2C,ð,eth,babble,0.0,07:00,/workspace/projects/psychopy_phoneme/stimuli/mixed/babble/snr_0/trial-141__track-2C__phoneme-eth__noise-babble__snr-0.wav,/workspace/projects/psychopy_phoneme/stimuli/phonemes/eth.wav,/workspace/projects/psychopy_phoneme/stimuli/noise/babble.wav,44100,0.5543310657596372,141801914,0.8622086180256743,0.080000002358857,0.11375309581126895
142,2C,u,u,babble,0.0,15:00,/workspace/projects/psychopy_phoneme/stimuli/mixed/babble/snr_0/trial-142__track-2C__phoneme-u__noise-babble__snr-0.wav,/workspace/projects/psychopy_phoneme/stimuli/phonemes/u.wav,/workspace/projects/psychopy_phoneme/stimuli/noise/babble.wav,44100,0.4989342403628118,74993986,0.9686952397606889,0.07999999852463044,0.11484704609528458
143,2C,ʃ,esh,babble,0.0,20:00,/workspace/projects/psychopy_phoneme/stimuli/mixed/babble/snr_0/trial-143__track-2C__phoneme-esh__noise-babble__snr-0.wav,/workspace/projects/psychopy_phoneme/stimuli/phonemes/esh.wav,/workspace/projects/psychopy_phoneme/stimuli/noise/babble.wav,44100,0.4777097505668934,96343622,1.0966642377221407,0.07999999985109657,0.11174282385221262
144,2C,s,s,babble,0.0,27:00,/workspace/projects/psychopy_phoneme/stimuli/mixed/babble/snr_0/trial-144__track-2C__phoneme-s__noise-babble__snr-0.wav,/workspace/projects/psychopy_phoneme/stimuli/phonemes/s.wav,/workspace/projects/psychopy_phoneme/stimuli/noise/babble.wav,44100,0.49464852607709753,114523333,1.175915947516578,0.08000000285808027,0.11269331055713698
145,2C,f,f,babble,0.0,32:00,/workspace/projects/psychopy_phoneme/stimuli/mixed/babble/snr_0/trial-145__track-2C__phoneme-f__noise-babble__snr-0.wav,/workspace/projects/psychopy_phoneme/stimuli/phonemes/f.wav,/workspace/projects/psychopy_phoneme/stimuli/noise/babble.wav,44100,0.525374149659864,42702566,1.307836636769352,0.07999999903663517,0.11047840497766453
146,2C,z,z,babble,0.0,40:00,/workspace/projects/psychopy_phoneme/stimuli/mixed/babble/snr_0/trial-146__track-2C__phoneme-z__noise-babble__snr-0.wav,/workspace/projects/psychopy_phoneme/stimuli/phonemes/z.wav,/workspace/projects/psychopy_phoneme/stimuli/noise/babble.wav,44100,0.5306802721088435,3588604,1.1069378065332032,0.07999999896446343,0.11388359753640023
147,2C,θ,theta,babble,0.0,46:00,/workspace/projects/psychopy_phoneme/stimuli/mixed/babble/snr_0/trial-147__track-2C__phoneme-theta__noise-babble__snr-0.wav,/workspace/projects/psychopy_phoneme/stimuli/phonemes/theta.wav,/workspace/projects/psychopy_phoneme/stimuli/noise/babble.wav,44100,0.5073469387755102,44632976,0.7732936879210083,0.08000000049129408,0.11113540909472362
148,2C,i,i,babble,0.0,51:00,/workspace/projects/psychopy_phoneme/stimuli/mixed/babble/snr_0/trial-148__track-2C__phoneme-i__noise-babble__snr-0.wav,/workspace/projects/psychopy_phoneme/stimuli/phonemes/i.wav,/workspace/projects/psychopy_phoneme/stimuli/noise/babble.wav,44100,0.434421768707483,26593898,1.118819933605495,0.08000000063302617,0.11368182735054826
149,2C,v,v,babble,0.0,57:00,/workspace/projects/psychopy_phoneme/stimuli/mixed/babble/snr_0/trial-149__track-2C__phoneme-v__noise-babble__snr-0.wav,/workspace/projects/psychopy_phoneme/stimuli/phonemes/v.wav,/workspace/projects/psychopy_phoneme/stimuli/noise/babble.wav,44100,0.5391383219954649,53668059,0.953525390493549,0.0799999986254463,0.11300421665085057
150,2C,a,a,babble,0.0,02:00,/workspace/projects/psychopy_phoneme/stimuli/mixed/babble/snr_0/trial-150__track-2C__phoneme-a__noise-babble__snr-0.wav,/workspace/projects/psychopy_phoneme/stimuli/phonemes/a.wav,/workspace/projects/psychopy_phoneme/stimuli/noise/babble.wav,44100,0.4205895691609977,29092957,1.11140184108452,0.0799999987893184,0.1136073089153052
151,2C,f,f,babble,0.0,09:00,/workspace/projects/psychopy_phoneme/stimuli/mixed/babble/snr_0/trial-151__track-2C__phoneme-f__noise-babble__snr-0.wav,/workspace/projects/psychopy_phoneme/stimuli/phonemes/f.wav,/workspace/projects/psychopy_phoneme/stimuli/noise/babble.wav,44100,0.525374149659864,61553847,1.297465119387244,0.07999999903663517,0.11284628789420706
152,2C,v,v,babble,0.0,15:00,/workspace/projects/psychopy_phoneme/stimuli/mixed/babble/snr_0/trial-152__track-2C__phoneme-v__noise-babble__snr-0.wav,/workspace/projects/psychopy_phoneme/stimuli/phonemes/v.wav,/workspace/projects/psychopy_phoneme/stimuli/noise/babble.wav,44100,0.5391383219954649,48239474,1.168932543275981,0.0799999986254463,0.11289221196071757
153,2C,θ,theta,babble,0.0,20:00,/workspace/projects/psychopy_phoneme/stimuli/mixed/babble/snr_0/trial-153__track-2C__phoneme-theta__noise-babble__snr-0.wav,/workspace/projects/psychopy_phoneme/stimuli/phonemes/theta.wav,/workspace/projects/psychopy_phoneme/stimuli/noise/babble.wav,44100,0.5073469387755102,152605826,0.9881471117903786,0.08000000049129408,0.11314404295460338
154,2C,ð,eth,babble,0.0,28:00,/workspace/projects/psychopy_phoneme/stimuli/mixed/babble/snr_0/trial-154__track-2C__phoneme-eth__noise-babble__snr-0.wav,/workspace/projects/psychopy_phoneme/stimuli/phonemes/eth.wav,/workspace/projects/psychopy_phoneme/stimuli/noise/babble.wav,44100,0.5543310657596372,100345832,1.220498921075458,0.080000002358857,0.11273101185711744
155,2C,z,z,babble,0.0,39:00,/workspace/projects/psychopy_phoneme/stimuli/mixed/babble/snr_0/trial-155__track-2C__phoneme-z__noise-babble__snr-0.wav,/workspace/projects/psychopy_phoneme/stimuli/phonemes/z.wav,/workspace/projects/psychopy_phoneme/stimuli/noise/babble.wav,44100,0.5306802721088435,80621353,1.3637946841793527,0.07999999896446343,0.1133878477037738
156,2C,a,a,babble,0.0,46:00,/workspace/projects/psychopy_phoneme/stimuli/mixed/babble/snr_0/trial-156__track-2C__phoneme-a__noise-babble__snr-0.wav,/workspace/projects/psychopy_phoneme/stimuli/phonemes/a.wav,/workspace/projects/psychopy_phoneme/stimuli/noise/babble.wav,44100,0.4205895691609977,91062007,1.0821380173319264,0.0799999987893184,0.1124045743624952
157,2C,i,i,babble,0.0,51:00,/workspace/projects/psychopy_phoneme/stimuli/mixed/babble/snr_0/trial-157__track-2C__phoneme-i__noise-babble__snr-0.wav,/workspace/projects/psychopy_phoneme/stimuli/phonemes/i.wav,/workspace/projects/psychopy_phoneme/stimuli/noise/babble.wav,44100,0.434421768707483,154075298,0.9530029640661958,0.08000000063302617,0.11249845702672376
158,2C,ʃ,esh,babble,0.0,58:00,/workspace/projects/psychopy_phoneme/stimuli/mixed/babble/snr_0/trial-158__track-2C__phoneme-esh__noise-babble__snr-0.wav,/workspace/projects/psychopy_phoneme/stimuli/phonemes/esh.wav,/workspace/projects/psychopy_phoneme/stimuli/noise/babble.wav,44100,0.4777097505668934,68504050,1.0564672376936926,0.07999999985109657,0.11286625530258465
159,2C,u,u,babble,0.0,04:00,/workspace/projects/psychopy_phoneme/stimuli/mixed/babble/snr_0/trial-159__track-2C__phoneme-u__noise-babble__snr-0.wav,/workspace/projects/psychopy_phoneme/stimuli/phonemes/u.wav,/workspace/projects/psychopy_phoneme/stimuli/noise/babble.wav,44100,0.4989342403628118,121858554,0.837090881469274,0.07999999852463044,0.11132744300156538
160,2C,s,s,babble,0.0,09:00,/workspace/projects/psychopy_phoneme/stimuli/mixed/babble/snr_0/trial-160__track-2C__phoneme-s__noise-babble__snr-0.wav,/workspace/projects/psychopy_phoneme/stimuli/phonemes/s.wav,/workspace/projects/psychopy_phoneme/stimuli/noise/babble.wav,44100,0.49464852607709753,150343367,1.1230079432736653,0.08000000285808027,0.11331884873555607
161,2D,a,a,babble,-5.0,07:00,/workspace/projects/psychopy_phoneme/stimuli/mixed/babble/snr_-5/trial-161__track-2D__phoneme-a__noise-babble__snr--5.wav,/workspace/projects/psychopy_phoneme/stimuli/phonemes/a.wav,/workspace/projects/psychopy_phoneme/stimuli/noise/babble.wav,44100,0.4205895691609977,46031048,1.7000793916195247,0.0799999987893184,0.16597265103463227
162,2D,ʃ,esh,babble,-5.0,15:00,/workspace/projects/psychopy_phoneme/stimuli/mixed/babble/snr_-5/trial-162__track-2D__phoneme-esh__noise-babble__snr--5.wav,/workspace/projects/psychopy_phoneme/stimuli/phonemes/esh.wav,/workspace/projects/psychopy_phoneme/stimuli/noise/babble.wav,44100,0.4777097505668934,116282332,2.1509908383855496,0.07999999985109657,0.16318375127043425
163,2D,f,f,babble,-5.0,20:00,/workspace/projects/psychopy_phoneme/stimuli/mixed/babble/snr_-5/trial-163__track-2D__phoneme-f__noise-babble__snr--5.wav,/workspace/projects/psychopy_phoneme/stimuli/phonemes/f.wav,/workspace/projects/psychopy_phoneme/stimuli/noise/babble.wav,44100,0.525374149659864,30077165,1.775410213396142,0.07999999903663517,0.16413873446018856
164,2D,θ,theta,babble,-5.0,27:00,/workspace/projects/psychopy_phoneme/stimuli/mixed/babble/snr_-5/trial-164__track-2D__phoneme-theta__noise-babble__snr--5.wav,/workspace/projects/psychopy_phoneme/stimuli/phonemes/theta.wav,/workspace/projects/psychopy_phoneme/stimuli/noise/babble.wav,44100,0.5073469387755102,4618858,2.0455741356696384,0.08000000049129408,0.16112109918578482
165,2D,s,s,babble,-5.0,32:00,/workspace/projects/psychopy_phoneme/stimuli/mixed/babble/snr_-5/trial-165__track-2D__phoneme-s__noise-babble__snr--5.wav,/workspace/projects/psychopy_phoneme/stimuli/phonemes/s.wav,/workspace/projects/psychopy_phoneme/stimuli/noise/babble.wav,44100,0.49464852607709753,61327632,1.7760274646879288,0.08000000285808027,0.164736715529982
166,2D,z,z,babble,-5.0,40:00,/workspace/projects/psychopy_phoneme/stimuli/mixed/babble/snr_-5/trial-166__track-2D__phoneme-z__noise-babble__snr--5.wav,/workspace/projects/psychopy_phoneme/stimuli/phonemes/z.wav,/workspace/projects/psychopy_phoneme/stimuli/noise/babble.wav,44100,0.5306802721088435,145427110,1.9438881722190715,0.07999999896446343,0.1624196473762596
167,2D,u,u,babble,-5.0,46:00,/workspace/projects/psychopy_phoneme/stimuli/mixed/babble/snr_-5/trial-167__track-2D__phoneme-u__noise-babble__snr--5.wav,/workspace/projects/psychopy_phoneme/stimuli/phonemes/u.wav,/workspace/projects/psychopy_phoneme/stimuli/noise/babble.wav,44100,0.4989342403628118,106056445,1.4689947221411748,0.07999999852463044,0.16479933894580948
168,2D,i,i,babble,-5.0,51:00,/workspace/projects/psychopy_phoneme/stimuli/mixed/babble/snr_-5/trial-168__track-2D__phoneme-i__noise-babble__snr--5.wav,/workspace/projects/psychopy_phoneme/stimuli/phonemes/i.wav,/workspace/projects/psychopy_phoneme/stimuli/noise/babble.wav,44100,0.434421768707483,9032556,1.6207306268900177,0.08000000063302617,0.16202429465354795
169,2D,ð,eth,babble,-5.0,57:00,/workspace/projects/psychopy_phoneme/stimuli/mixed/babble/snr_-5/trial-169__track-2D__phoneme-eth__noise-babble__snr--5.wav,/workspace/projects/psychopy_phoneme/stimuli/phonemes/eth.wav,/workspace/projects/psychopy_phoneme/stimuli/noise/babble.wav,44100,0.5543310657596372,79963556,1.6229192008724593,0.080000002358857,0.16524893022032916
170,2D,v,v,babble,-5.0,02:00,/workspace/projects/psychopy_phoneme/stimuli/mixed/babble/snr_-5/trial-170__track-2D__phoneme-v__noise-babble__snr--5.wav,/workspace/projects/psychopy_phoneme/stimuli/phonemes/v.wav,/workspace/projects/psychopy_phoneme/stimuli/noise/babble.wav,44100,0.5391383219954649,105052677,2.2167695138772032,0.0799999986254463,0.16416372255708525
171,2D,θ,theta,babble,-5.0,09:00,/workspace/projects/psychopy_phoneme/stimuli/mixed/babble/snr_-5/trial-171__track-2D__phoneme-theta__noise-babble__snr--5.wav,/workspace/projects/psychopy_phoneme/stimuli/phonemes/theta.wav,/workspace/projects/psychopy_phoneme/stimuli/noise/babble.wav,44100,0.5073469387755102,50350938,1.348936054056787,0.08000000049129408,0.16256688372417583
172,2D,i,i,babble,-5.0,15:00,/workspace/projects/psychopy_phoneme/stimuli/mixed/babble/snr_-5/trial-172__track-2D__phoneme-i__noise-babble__snr--5.wav,/workspace/projects/psychopy_phoneme/stimuli/phonemes/i.wav,/workspace/projects/psychopy_phoneme/stimuli/noise/babble.wav,44100,0.434421768707483,104179850,1.8012169192555356,0.08000000063302617,0.16028786282580798
173,2D,s,s,babble,-5.0,20:00,/workspace/projects/psychopy_phoneme/stimuli/mixed/babble/snr_-5/trial-173__track-2D__phoneme-s__noise-babble__snr--5.wav,/workspace/projects/psychopy_phoneme/stimuli/phonemes/s.wav,/workspace/projects/psychopy_phoneme/stimuli/noise/babble.wav,44100,0.49464852607709753,57720848,1.5432856415913923,0.08000000285808027,0.16246797867529356
174,2D,a,a,babble,-5.0,28:00,/workspace/projects/psychopy_phoneme/stimuli/mixed/babble/snr_-5/trial-174__track-2D__phoneme-a__noise-babble__snr--5.wav,/workspace/projects/psychopy_phoneme/stimuli/phonemes/a.wav,/workspace/projects/psychopy_phoneme/stimuli/noise/babble.wav,44100,0.4205895691609977,154982524,1.4145970211832037,0.0799999987893184,0.1628336355326041
175,2D,f,f,babble,-5.0,39:00,/workspace/projects/psychopy_phoneme/stimuli/mixed/babble/snr_-5/trial-175__track-2D__phoneme-f__noise-babble__snr--5.wav,/workspace/projects/psychopy_phoneme/stimuli/phonemes/f.wav,/workspace/projects/psychopy_phoneme/stimuli/noise/babble.wav,44100,0.525374149659864,27690506,1.5313683790619903,0.07999999903663517,0.1613575030304102
176,2D,u,u,babble,-5.0,46:00,/workspace/projects/psychopy_phoneme/stimuli/mixed/babble/snr_-5/trial-176__track-2D__phoneme-u__noise-babble__snr--5.wav,/workspace/projects/psychopy_phoneme/stimuli/phonemes/u.wav,/workspace/projects/psychopy_phoneme/stimuli/noise/babble.wav,44100,0.4989342403628118,80831107,1.9875761589035719,0.07999999852463044,0.16460205714178025
177,2D,ʃ,esh,babble,-5.0,51:00,/workspace/projects/psychopy_phoneme/stimuli/mixed/babble/snr_-5/trial-177__track-2D__phoneme-esh__noise-babble__snr--5.wav,/workspace/projects/psychopy_phoneme/stimuli/phonemes/esh.wav,/workspace/projects/psychopy_phoneme/stimuli/noise/babble.wav,44100,0.4777097505668934,4039627,1.6697261149104101,0.07999999985109657,0.16413353731818048
178,2D,z,z,babble,-5.0,58:00,/workspace/projects/psychopy_phoneme/stimuli/mixed/babble/snr_-5/trial-178__track-2D__phoneme-z__noise-babble__snr--5.wav,/workspace/projects/psychopy_phoneme/stimuli/phonemes/z.wav,/workspace/projects/psychopy_phoneme/stimuli/noise/babble.wav,44100,0.5306802721088435,153946829,1.9149416086961764,0.07999999896446343,0.16145398835345387
179,2D,v,v,babble,-5.0,04:00,/workspace/projects/psychopy_phoneme/stimuli/mixed/babble/snr_-5/trial-179__track-2D__phoneme-v__noise-babble__snr--5.wav,/workspace/projects/psychopy_phoneme/stimuli/phonemes/v.wav,/workspace/projects/psychopy_phoneme/stimuli/noise/babble.wav,44100,0.5391383219954649,65525699,1.6688429365776536,0.0799999986254463,0.16339857806095162
180,2D,ð,eth,babble,-5.0,09:00,/workspace/projects/psychopy_phoneme/stimuli/mixed/babble/snr_-5/trial-180__track-2D__phoneme-eth__noise-babble__snr--5.wav,/workspace/projects/psychopy_phoneme/stimuli/phonemes/eth.wav,/workspace/projects/psychopy_phoneme/stimuli/noise/babble.wav,44100,0.5543310657596372,36724256,1.940907236678576,0.080000002358857,0.16336449968758854
181,2E,ð,eth,babble,-10.0,07:00,/workspace/projects/psychopy_phoneme/stimuli/mixed/babble/snr_-10/trial-181__track-2E__phoneme-eth__noise-babble__snr--10.wav,/workspace/projects/psychopy_phoneme/stimuli/phonemes/eth.wav,/workspace/projects/psychopy_phoneme/stimuli/noise/babble.wav,44100,0.5543310657596372,15002615,3.557524162560896,0.080000002358857,0.23820785481074377
182,2E,v,v,babble,-10.0,15:00,/workspace/projects/psychopy_phoneme/stimuli/mixed/babble/snr_-10/trial-182__track-2E__phoneme-v__noise-babble__snr--10.wav,/workspace/projects/psychopy_phoneme/stimuli/phonemes/v.wav,/workspace/projects/psychopy_phoneme/stimuli/noise/babble.wav,44100,0.5391383219954649,24856847,3.536352347957332,0.0799999986254463,0.23893519185179568
183,2E,u,u,babble,-10.0,20:00,/workspace/projects/psychopy_phoneme/stimuli/mixed/babble/snr_-10/trial-183__track-2E__phoneme-u__noise-babble__snr--10.wav,/workspace/projects/psychopy_phoneme/stimuli/phonemes/u.wav,/workspace/projects/psychopy_phoneme/stimuli/noise/babble.wav,44100,0.4989342403628118,107364139,3.3687621176989997,0.07999999852463044,0.23911989433116715
184,2E,i,i,babble,-10.0,27:00,/workspace/projects/psychopy_phoneme/stimuli/mixed/babble/snr_-10/trial-184__track-2E__phoneme-i__noise-babble__snr--10.wav,/workspace/projects/psychopy_phoneme/stimuli/phonemes/i.wav,/workspace/projects/psychopy_phoneme/stimuli/noise/babble.wav,44100,0.434421768707483,61328792,3.1232213630604133,0.08000000063302617,0.2666376493632048
185,2E,θ,theta,babble,-10.0,32:00,/workspace/projects/psychopy_phoneme/stimuli/mixed/babble/snr_-10/trial-185__track-2E__phoneme-theta__noise-babble__snr--10.wav,/workspace/projects/psychopy_phoneme/stimuli/phonemes/theta.wav,/workspace/projects/psychopy_phoneme/stimuli/noise/babble.wav,44100,0.5073469387755102,57591976,3.0082840255311187,0.08000000049129408,0.25932759216409634
186,2E,f,f,babble,-10.0,40:00,/workspace/projects/psychopy_phoneme/stimuli/mixed/babble/snr_-10/trial-186__track-2E__phoneme-f__noise-babble__snr--10.wav,/workspace/projects/psychopy_phoneme/stimuli/phonemes/f.wav,/workspace/projects/psychopy_phoneme/stimuli/noise/babble.wav,44100,0.525374149659864,91953958,3.939715629267052,0.07999999903663517,0.20663028624748167
187,2E,a,a,babble,-10.0,46:00,/workspace/projects/psychopy_phoneme/stimuli/mixed/babble/snr_-10/trial-187__track-2E__phoneme-a__noise-babble__snr--10.wav,/workspace/projects/psychopy_phoneme/stimuli/phonemes/a.wav,/workspace/projects/psychopy_phoneme/stimuli/noise/babble.wav,44100,0.4205895691609977,43292314,3.873818106207245,0.0799999987893184,0.20999531612076588
188,2E,s,s,babble,-10.0,51:00,/workspace/projects/psychopy_phoneme/stimuli/mixed/babble/snr_-10/trial-188__track-2E__phoneme-s__noise-babble__snr--10.wav,/workspace/projects/psychopy_phoneme/stimuli/phonemes/s.wav,/workspace/projects/psychopy_phoneme/stimuli/noise/babble.wav,44100,0.49464852607709753,7291058,3.742842333280314,0.08000000285808027,0.20831644086397025
189,2E,ʃ,esh,babble,-10.0,57:00,/workspace/projects/psychopy_phoneme/stimuli/mixed/babble/snr_-10/trial-189__track-2E__phoneme-esh__noise-babble__snr--10.wav,/workspace/projects/psychopy_phoneme/stimuli/phonemes/esh.wav,/workspace/projects/psychopy_phoneme/stimuli/noise/babble.wav,44100,0.4777097505668934,13598437,2.9403122402901727,0.07999999985109657,0.21336883621346706
190,2E,z,z,babble,-10.0,02:00,/workspace/projects/psychopy_phoneme/stimuli/mixed/babble/snr_-10/trial-190__track-2E__phoneme-z__noise-babble__snr--10.wav,/workspace/projects/psychopy_phoneme/stimuli/phonemes/z.wav,/workspace/projects/psychopy_phoneme/stimuli/noise/babble.wav,44100,0.5306802721088435,15033761,3.690246327998834,0.07999999896446343,0.24239274060026983
191,2E,ʃ,esh,babble,-10.0,09:00,/workspace/projects/psychopy_phoneme/stimuli/mixed/babble/snr_-10/trial-191__track-2E__phoneme-esh__noise-babble__snr--10.wav,/workspace/projects/psychopy_phoneme/stimuli/phonemes/esh.wav,/workspace/projects/psychopy_phoneme/stimuli/noise/babble.wav,44100,0.4777097505668934,68343210,3.610316979391002,0.07999999985109657,0.22747934170282727
192,2E,a,a,babble,-10.0,15:00,/workspace/projects/psychopy_phoneme/stimuli/mixed/babble/snr_-10/trial-192__track-2E__phoneme-a__noise-babble__snr--10.wav,/workspace/projects/psychopy_phoneme/stimuli/phonemes/a.wav,/workspace/projects/psychopy_phoneme/stimuli/noise/babble.wav,44100,0.4205895691609977,145427035,3.370742367355493,0.0799999987893184,0.2539125722457954
193,2E,z,z,babble,-10.0,20:00,/workspace/projects/psychopy_phoneme/stimuli/mixed/babble/snr_-10/trial-193__track-2E__phoneme-z__noise-babble__snr--10.wav,/workspace/projects/psychopy_phoneme/stimuli/phonemes/z.wav,/workspace/projects/psychopy_phoneme/stimuli/noise/babble.wav,44100,0.5306802721088435,142573294,2.498355990478315,0.07999999896446343,0.22529762310275148
194,2E,θ,theta,babble,-10.0,28:00,/workspace/projects/psychopy_phoneme/stimuli/mixed/babble/snr_-10/trial-194__track-2E__phoneme-theta__noise-babble__snr--10.wav,/workspace/projects/psychopy_phoneme/stimuli/phonemes/theta.wav,/workspace/projects/psychopy_phoneme/stimuli/noise/babble.wav,44100,0.5073469387755102,39463983,3.7047915950283414,0.08000000049129408,0.1906438288699708
195,2E,f,f,babble,-10.0,39:00,/workspace/projects/psychopy_phoneme/stimuli/mixed/babble/snr_-10/trial-195__track-2E__phoneme-f__noise-babble__snr--10.wav,/workspace/projects/psychopy_phoneme/stimuli/phonemes/f.wav,/workspace/projects/psychopy_phoneme/stimuli/noise/babble.wav,44100,0.525374149659864,41037736,3.342802122386011,0.07999999903663517,0.23569723018837482
196,2E,s,s,babble,-10.0,46:00,/workspace/projects/psychopy_phoneme/stimuli/mixed/babble/snr_-10/trial-196__track-2E__phoneme-s__noise-babble__snr--10.wav,/workspace/projects/psychopy_phoneme/stimuli/phonemes/s.wav,/workspace/projects/psychopy_phoneme/stimuli/noise/babble.wav,44100,0.49464852607709753,136709703,2.9488143529295803,0.08000000285808027,0.24271379810153423
197,2E,u,u,babble,-10.0,51:00,/workspace/projects/psychopy_phoneme/stimuli/mixed/babble/snr_-10/trial-197__track-2E__phoneme-u__noise-babble__snr--10.wav,/workspace/projects/psychopy_phoneme/stimuli/phonemes/u.wav,/workspace/projects/psychopy_phoneme/stimuli/noise/babble.wav,44100,0.4989342403628118,107200109,3.21913636292039,0.07999999852463044,0.2570929590264394
198,2E,ð,eth,babble,-10.0,58:00,/workspace/projects/psychopy_phoneme/stimuli/mixed/babble/snr_-10/trial-198__track-2E__phoneme-eth__noise-babble__snr--10.wav,/workspace/projects/psychopy_phoneme/stimuli/phonemes/eth.wav,/workspace/projects/psychopy_phoneme/stimuli/noise/babble.wav,44100,0.5543310657596372,51976283,2.9978200184956876,0.080000002358857,0.25263097564800296
199,2E,i,i,babble,-10.0,04:00,/workspace/projects/psychopy_phoneme/stimuli/mixed/babble/snr_-10/trial-199__track-2E__phoneme-i__noise-babble__snr--10.wav,/workspace/projects/psychopy_phoneme/stimuli/phonemes/i.wav,/workspace/projects/psychopy_phoneme/stimuli/noise/babble.wav,44100,0.434421768707483,72598198,3.3792860579583537,0.08000000063302617,0.2173591955132427
200,2E,v,v,babble,-10.0,09:00,/workspace/projects/psychopy_phoneme/stimuli/mixed/babble/snr_-10/trial-200__track-2E__phoneme-v__noise-babble__snr--10.wav,/workspace/projects/psychopy_phoneme/stimuli/phonemes/v.wav,/workspace/projects/psychopy_phoneme/stimuli/noise/babble.wav,44100,0.5391383219954649,45957557,3.221364660806217,0.0799999986254463,0.2263041152444034
